age,sex,qx
0,M,0.00496
1,M,0.00031
2,M,0.00023
3,M,0.00018
4,M,0.00014
5,M,0.00012
6,M,0.0001
7,M,0.00009
8,M,0.00009
9,M,0.00009
10,M,0.00009
11,M,0.0001
12,M,0.00011
13,M,0.00014
14,M,0.00019
15,M,0.00026
16,M,0.00036
17,M,0.00046
18,M,0.00053
19,M,0.00059
20,M,0.00065
21,M,0.0007
22,M,0.00075
23,M,0.0008
24,M,0.00084
25,M,0.00089
26,M,0.00093
27,M,0.00099
28,M,0.00105
29,M,0.00112
30,M,0.00119
31,M,0.00128
32,M,0.00135
33,M,0.00142
34,M,0.00148
35,M,0.00154
36,M,0.00159
37,M,0.00164
38,M,0.00171
39,M,0.00178
40,M,0.00185
41,M,0.00194
42,M,0.00204
43,M,0.00215
44,M,0.00227
45,M,0.0024
46,M,0.00255
47,M,0.00271
48,M,0.0029
49,M,0.00311
50,M,0.00334
51,M,0.00359
52,M,0.00387
53,M,0.00418
54,M,0.00451
55,M,0.00488
56,M,0.00528
57,M,0.00572
58,M,0.00621
59,M,0.00674
60,M,0.00733
61,M,0.00797
62,M,0.00868
63,M,0.00947
64,M,0.01034
65,M,0.0113
66,M,0.01236
67,M,0.01353
68,M,0.01483
69,M,0.01627
70,M,0.01788
71,M,0.01966
72,M,0.02164
73,M,0.02385
74,M,0.02631
75,M,0.02906
76,M,0.03212
77,M,0.03555
78,M,0.03938
79,M,0.04368
80,M,0.04849
81,M,0.05389
82,M,0.05996
83,M,0.06678
84,M,0.07445
85,M,0.08309
86,M,0.09284
87,M,0.10384
88,M,0.11626
89,M,0.13031
90,M,0.14621
91,M,0.16372
92,M,0.18242
93,M,0.20225
94,M,0.2231
95,M,0.24653
96,M,0.26869
97,M,0.29147
98,M,0.31464
99,M,0.338
100,M,0.36131
101,M,0.38435
102,M,0.4069
103,M,0.42877
104,M,0.44978
105,M,0.46978
106,M,0.48867
107,M,0.50636
108,M,0.52281
109,M,0.53801
110,M,1
0,F,0.00423
1,F,0.00023
2,F,0.00018
3,F,0.00014
4,F,0.00012
5,F,0.0001
6,F,0.00009
7,F,0.00009
8,F,0.00008
9,F,0.00008
10,F,0.00009
11,F,0.0001
12,F,0.00011
13,F,0.00012
14,F,0.00015
15,F,0.00018
16,F,0.00022
17,F,0.00026
18,F,0.0003
19,F,0.00033
20,F,0.00037
21,F,0.0004
22,F,0.00042
23,F,0.00045
24,F,0.00046
25,F,0.00048
26,F,0.00049
27,F,0.00052
28,F,0.00054
29,F,0.00057
30,F,0.00061
31,F,0.00064
32,F,0.00068
33,F,0.00071
34,F,0.00074
35,F,0.00077
36,F,0.0008
37,F,0.00084
38,F,0.00088
39,F,0.00092
40,F,0.00098
41,F,0.00104
42,F,0.00111
43,F,0.00118
44,F,0.00126
45,F,0.00135
46,F,0.00145
47,F,0.00156
48,F,0.00167
49,F,0.0018
50,F,0.00195
51,F,0.00211
52,F,0.00228
53,F,0.00247
54,F,0.00268
55,F,0.00291
56,F,0.00317
57,F,0.00345
58,F,0.00376
59,F,0.00411
60,F,0.00449
61,F,0.00491
62,F,0.00538
63,F,0.0059
64,F,0.00648
65,F,0.00712
66,F,0.00784
67,F,0.00863
68,F,0.00952
69,F,0.01052
70,F,0.01163
71,F,0.01287
72,F,0.01426
73,F,0.01583
74,F,0.01758
75,F,0.01955
76,F,0.02177
77,F,0.02426
78,F,0.02708
79,F,0.03026
80,F,0.03385
81,F,0.03791
82,F,0.0425
83,F,0.04771
84,F,0.05362
85,F,0.06034
86,F,0.06797
87,F,0.07666
88,F,0.08656
89,F,0.09785
90,F,0.11074
91,F,0.12512
92,F,0.14071
93,F,0.15751
94,F,0.1755
95,F,0.19696
96,F,0.2174
97,F,0.23888
98,F,0.26124
99,F,0.28431
100,F,0.30786
101,F,0.33168
102,F,0.35551
103,F,0.37912
104,F,0.40227
105,F,0.42474
106,F,0.44635
107,F,0.46694
108,F,0.48638
109,F,0.50458
110,F,1
0,both,0.00461
1,both,0.00027
2,both,0.00021
3,both,0.00016
4,both,0.00013
5,both,0.00011
6,both,0.0001
7,both,0.00009
8,both,0.00009
9,both,0.00009
10,both,0.00009
11,both,0.0001
12,both,0.00011
13,both,0.00013
14,both,0.00017
15,both,0.00022
16,both,0.00029
17,both,0.00036
18,both,0.00042
19,both,0.00047
20,both,0.00051
21,both,0.00056
22,both,0.0006
23,both,0.00063
24,both,0.00066
25,both,0.00069
26,both,0.00072
27,both,0.00076
28,both,0.0008
29,both,0.00085
30,both,0.00091
31,both,0.00097
32,both,0.00102
33,both,0.00107
34,both,0.00112
35,both,0.00116
36,both,0.0012
37,both,0.00125
38,both,0.0013
39,both,0.00136
40,both,0.00142
41,both,0.00149
42,both,0.00157
43,both,0.00166
44,both,0.00176
45,both,0.00187
46,both,0.00199
47,both,0.00213
48,both,0.00228
49,both,0.00245
50,both,0.00264
51,both,0.00284
52,both,0.00307
53,both,0.00332
54,both,0.00359
55,both,0.00389
56,both,0.00422
57,both,0.00459
58,both,0.00498
59,both,0.00542
60,both,0.0059
61,both,0.00644
62,both,0.00702
63,both,0.00767
64,both,0.00839
65,both,0.00919
66,both,0.01007
67,both,0.01104
68,both,0.01213
69,both,0.01333
70,both,0.01467
71,both,0.01616
72,both,0.01782
73,both,0.01967
74,both,0.02174
75,both,0.02405
76,both,0.02663
77,both,0.02951
78,both,0.03275
79,both,0.03638
80,both,0.04045
81,both,0.04503
82,both,0.05017
83,both,0.05596
84,both,0.06249
85,both,0.06985
86,both,0.07816
87,both,0.08754
88,both,0.09816
89,both,0.11017
90,both,0.12379
91,both,0.13885
92,both,0.15504
93,both,0.17234
94,both,0.19072
95,both,0.21188
96,both,0.23216
97,both,0.2533
98,both,0.27515
99,both,0.29752
100,both,0.32023
101,both,0.34306
102,both,0.3658
103,both,0.38824
104,both,0.41017
105,both,0.43143
106,both,0.45185
107,both,0.47129
108,both,0.48967
109,both,0.5069
110,both,1
